[
    {
        "TranslatedRecipeName": "Masala Dosa",
        "Cuisine": "Indian, Tamil",
        "TotalTimeInMins": 30,
        "TranslatedIngredients": "Rice, Urad Dal, Potatoes, Mustard Seeds, Green Chillies, Curry Leaves, Turmeric Powder, Salt, Oil",
        "TranslatedInstructions": "Soak rice and urad dal for 6 hours, grind to a smooth batter, ferment overnight. Prepare potato masala with spices. Cook dosa on a hot tawa, fill with masala, and serve hot.",
        "URL": "https://www.vegrecipesofindia.com/masala-dosa-recipe/",
        "image-url": "https://www.indianhealthyrecipes.com/wp-content/uploads/2021/02/masala-dosa-recipe.jpg",
        "YouTube": "https://www.youtube.com/watch?v=QtZ7Z3nZ1jc"
    },
    {
        "TranslatedRecipeName": "Chettinad Chicken Curry",
        "Cuisine": "Indian, Tamil",
        "TotalTimeInMins": 45,
        "TranslatedIngredients": "Chicken, Onion, Tomato, Chettinad Spices, Curry Leaves, Green Chillies, Coconut",
        "TranslatedInstructions": "Heat oil, saut\u00e9 onions, tomatoes, add Chettinad masala. Add chicken, cook till tender, finish with coconut paste.",
        "URL": "https://www.indianhealthyrecipes.com/chettinad-chicken-curry/",
        "image-url": "https://www.indianhealthyrecipes.com/wp-content/uploads/2018/03/chettinad-chicken.jpg",
        "YouTube": "https://www.youtube.com/watch?v=J7Cw6xA1uD8"
    },
    {
        "TranslatedRecipeName": "Sambar",
        "Cuisine": "Indian, Tamil",
        "TotalTimeInMins": 40,
        "TranslatedIngredients": "Toor Dal, Tamarind, Drumstick, Carrot, Tomato, Sambar Powder, Mustard Seeds, Curry Leaves",
        "TranslatedInstructions": "Cook dal, saut\u00e9 veggies, add tamarind, sambar powder, simmer and temper with mustard seeds and curry leaves.",
        "URL": "https://www.vegrecipesofindia.com/sambar-recipe/",
        "image-url": "https://www.indianhealthyrecipes.com/wp-content/uploads/2021/06/sambar-recipe.jpg",
        "YouTube": "https://www.youtube.com/watch?v=8pN_pjNsjyM"
    },
    {
        "TranslatedRecipeName": "Rasam",
        "Cuisine": "Indian, Tamil",
        "TotalTimeInMins": 20,
        "TranslatedIngredients": "Tamarind, Tomato, Garlic, Black Pepper, Cumin, Curry Leaves, Mustard Seeds",
        "TranslatedInstructions": "Boil tamarind extract with spices, add tomato, garlic, simmer, and temper with mustard seeds and curry leaves.",
        "URL": "https://www.vegrecipesofindia.com/rasam-recipe/",
        "image-url": "https://www.indianhealthyrecipes.com/wp-content/uploads/2021/02/rasam-recipe.jpg",
        "YouTube": "https://www.youtube.com/watch?v=LDFiwFZbY7w"
    }
]